{"stat.flowerPotted":6,"stat.useItem.minecraft.command_block":10,"stat.walkOneCm":244520,"stat.useItem.minecraft.torch":21,"stat.useItem.minecraft.quartz_block":54,"stat.useItem.minecraft.painting":95,"stat.pickup.minecraft.sign":1,"stat.useItem.minecraft.quartz_stairs":5,"stat.leaveGame":9,"stat.useItem.minecraft.carpet":32,"stat.drop.minecraft.sign":1,"stat.useItem.minecraft.flower_pot":8,"stat.jump":372,"stat.useItem.minecraft.redstone_block":61,"stat.shulkerBoxOpened":16,"stat.crouchOneCm":14625,"stat.useItem.minecraft.dirt":7,"stat.pickup.minecraft.painting":6,"stat.sprintOneCm":78916,"stat.useItem.minecraft.stained_glass":26,"stat.useItem.minecraft.concrete":1102,"stat.useItem.minecraft.stone_slab":230,"stat.useItem.minecraft.light_blue_shulker_box":22,"stat.useItem.minecraft.redstone_lamp":39,"stat.useItem.minecraft.bed":1,"stat.useItem.minecraft.anvil":1,"stat.flyOneCm":141292,"stat.drop":1,"stat.useItem.minecraft.writable_book":1,"stat.playOneMinute":84487,"stat.sneakTime":6067,"stat.timeSinceDeath":84487,"stat.useItem.minecraft.sign":22}