{"stat.chestOpened":95,"stat.useItem.minecraft.sticky_piston":12,"stat.drop.minecraft.purpur_stairs":1,"stat.pickup.minecraft.sign":1,"stat.useItem.minecraft.repeater":3,"stat.leaveGame":6,"stat.useItem.minecraft.sponge":5,"stat.useItem.minecraft.diamond_axe":27,"stat.useItem.minecraft.skull":19,"stat.useItem.minecraft.repeating_command_block":6,"stat.useItem.minecraft.carpet":66,"stat.useItem.minecraft.quartz_ore":13,"stat.drop.minecraft.sponge":1,"stat.useItem.minecraft.bedrock":124,"stat.drop.minecraft.enchanted_book":1,"stat.jump":234,"stat.fallOneCm":3708,"stat.useItem.minecraft.planks":27,"stat.useItem.minecraft.piston":46,"stat.crouchOneCm":15152,"stat.useItem.minecraft.nether_brick_fence":16,"stat.useItem.minecraft.stone_button":6,"stat.useItem.minecraft.stone_slab2":21,"stat.useItem.minecraft.glass":114,"stat.useItem.minecraft.redstone_lamp":44,"stat.damageTaken":828,"stat.useItem.minecraft.purpur_stairs":26,"stat.drop.minecraft.stone_button":1,"stat.pickup.minecraft.shears":1,"stat.drop.minecraft.elytra":2,"stat.aviateOneCm":205120,"stat.pickup.minecraft.planks":9,"stat.useItem.minecraft.anvil":1,"stat.flyOneCm":460845,"stat.timeSinceDeath":157439,"stat.hopperInspected":106,"stat.useItem.minecraft.sign":15,"stat.pickup.minecraft.piston":1,"stat.useItem.minecraft.command_block":39,"stat.walkOneCm":99108,"stat.useItem.minecraft.chest":43,"stat.useItem.minecraft.lever":54,"stat.drop.minecraft.item_frame":1,"stat.pickup.minecraft.diamond_pickaxe":1,"stat.useItem.minecraft.log":18,"stat.useItem.minecraft.oak_stairs":41,"stat.useItem.minecraft.cobblestone":16,"stat.useItem.minecraft.armor_stand":5,"stat.drop.minecraft.diamond_axe":1,"stat.drop.minecraft.sign":2,"stat.pickup.minecraft.compass":1,"stat.useItem.minecraft.redstone_block":9,"stat.useItem.minecraft.item_frame":12,"stat.useItem.minecraft.redstone":43,"stat.useItem.minecraft.sea_lantern":67,"stat.drop.minecraft.planks":46,"stat.drop.minecraft.compass":1,"stat.sprintOneCm":41673,"stat.useItem.minecraft.stained_glass":256,"stat.drop.minecraft.command_block":1,"stat.useItem.minecraft.fence":34,"stat.useItem.minecraft.prismarine":10,"stat.useItem.minecraft.stone_slab":190,"stat.useItem.minecraft.wooden_button":2,"stat.drop.minecraft.fireworks":145,"stat.useItem.minecraft.hopper":28,"stat.pickup.minecraft.lever":2,"stat.deaths":1,"stat.mineBlock.minecraft.planks":27,"stat.useItem.minecraft.mossy_cobblestone":14,"stat.drop":20,"stat.playOneMinute":157582,"stat.pickup.minecraft.stone_button":1,"stat.sneakTime":14964,"stat.pickup.minecraft.elytra":4,"stat.useItem.minecraft.purpur_slab":54,"stat.drop.minecraft.chest":2,"stat.drop.minecraft.shears":1,"stat.drop.minecraft.diamond_pickaxe":2}